id,question,answer
1,What is ResearchAI?,ResearchAI is an AI-powered tool that assists users with academic and policy research tasks.
2,What type of research does ResearchAI support?,ResearchAI supports academic, policy, and social science research.
3,How does ResearchAI help researchers?,It helps by searching literature, summarizing studies, and synthesizing findings.
4,Can ResearchAI assist with literature reviews?,Yes, it helps identify relevant studies and summarize key findings.
5,Does ResearchAI generate original research data?,No, it works with existing documents and research sources.
6,How does ResearchAI improve research efficiency?,It reduces the time needed to review and synthesize research materials.
7,Can students use ResearchAI?,Yes, it supports student research projects and academic writing.
8,Does ResearchAI provide citations?,Yes, it assists with formatting and organizing research citations.
9,What is a common use case for ResearchAI?,Conducting literature reviews for research papers.
10,What limitation does ResearchAI have?,Its outputs depend on the quality and availability of source documents.
